feature,python_max_score
Siglec.6,0.998
IL.1.R4,0.97
SLPI,0.82
Activin.A,0.816
PLXB2,0.776
Angiopoietin.2,0.736
MMP.12,0.702
VEGF121,0.532
OX2G,0.496
sTie.2,0.458
SLIK5,0.456
uPA,0.446
HCG,0.434
SPINT2,0.422
Antithrombin.III,0.382
RELT,0.378
PAI.1,0.362
GPNMB,0.358
discoidin.domain.receptor.1,0.344
S100A12,0.34
Insulin,0.318
GRN,0.314
Growth.hormone.receptor,0.312
MCP.3,0.286
MIP.1a,0.274
sL.Selectin,0.258
Cystatin.C,0.242
MP2K4,0.24
Glucocorticoid.receptor,0.24
Gelsolin,0.238
IL.12.RB2,0.236
Angiogenin,0.23
BLC,0.226
Notch.1,0.222
ROR1,0.222
Galectin.3,0.218
BID,0.212
NEGR1,0.196
GDF2,0.196
FABP,0.186
BNP.32,0.182
HRG,0.178
LGMN,0.178
Galectin.7,0.176
Survivin,0.176
TCCR,0.172
CD5L,0.166
AFP,0.164
PARC,0.164
annexin.I,0.162
DLC8,0.16
Endostatin,0.158
HPLN1,0.156
MIC.1,0.152
IP.10,0.15
OLR1,0.146
Kallikrein.7,0.146
PSMA,0.144
ROBO2,0.138
sRANKL,0.138
NKp30,0.134
HGFA,0.134
TF,0.132
HCE004359,0.132
DERM,0.132
Cathepsin.A,0.13
Vitronectin,0.13
RAP,0.126
LAG.3,0.126
BGN,0.126
HCE004333,0.12
H2B2E,0.118
VEGF.D,0.114
Cadherin.5,0.114
ALCAM,0.112
granzyme.A,0.112
FGF.10,0.112
ISLR2,0.112
X3HIDH,0.11
HEMK2,0.108
ANK2,0.108
PTN,0.102
PRL,0.102
TBK1,0.1
GP1BA,0.1
FCN1,0.1
Troponin.T,0.098
SCF.sR,0.096
Somatostatin.28,0.092
PolyUbiquitin.K63,0.092
CHL1,0.092
IL.18.Ra,0.09
IL.5.Ra,0.09
Trypsin,0.088
MMP.9,0.086
IL.1F6,0.086
SMOC1,0.084
a2.HS.Glycoprotein,0.084
Troponin.I..skeletal..fast.twitch,0.084
PFD5,0.082
HCK,0.082
GP114,0.082
HCE000414,0.082
annexin.II,0.082
SH21A,0.08
HCE000104,0.08
MAPKAPK3,0.078
sICAM.1,0.076
Angiotensinogen,0.076
sRAGE,0.074
HCE004331,0.074
Plasminogen,0.074
VEGF.sR2,0.072
HCE000342,0.072
LBP,0.07
Rb,0.068
PDGFRA,0.066
TLR4.MD.2.complex,0.066
AMGO2,0.066
HCE000483,0.066
SSRP1,0.064
MO2R1,0.064
TWEAKR,0.064
P.Selectin,0.064
CAPG,0.064
MIS,0.064
IR,0.062
b2.Microglobulin,0.062
EPI,0.06
OX40.Ligand,0.06
EphB4,0.06
C1q,0.06
sICAM.2,0.06
Protease.nexin.I,0.058
SLAF7,0.058
FSH,0.058
Dtk,0.058
SDF.1,0.058
PERL,0.058
MP2K2,0.056
SHPS1,0.056
Factor.B,0.054
SPTA2,0.054
Neurotrophin.3,0.052
IL.1.sR9,0.052
TFF1,0.052
Collectin.Kidney.1,0.052
RET,0.052
GFRa.1,0.052
SP.D,0.052
GPC2,0.05
ASAH2,0.05
Prothrombin,0.05
cIAP.2,0.05
TNFSF15,0.05
PDE11,0.048
TIG2,0.046
FSTL3,0.046
calgranulin.B,0.046
IGFBP.6,0.046
MDM2,0.044
JAG1,0.044
ASGR1,0.042
MMP.2,0.042
Macrophage.scavenger.receptor,0.042
AN32B,0.04
PCSK9,0.04
ApoM,0.04
Granulysin,0.04
GPC6,0.04
TSH,0.04
CD40.ligand..soluble,0.04
DAN,0.04
Thyroxine.Binding.Globulin,0.04
Trefoil.factor.2,0.04
CATC,0.038
PlGF,0.038
IL.7,0.038
DSC2,0.038
Ephrin.A4,0.038
TSP2,0.038
G.CSF.R,0.038
BSSP4,0.036
MMP.13,0.036
IL.1Ra,0.036
CDK5.p35,0.036
kallikrein.13,0.036
ATS13,0.036
IGFBP.5,0.036
Cathepsin.S,0.036
C3,0.036
Thymidine.kinase,0.036
ANGL4,0.034
HCE004152,0.034
SAP,0.034
LRP1B,0.034
IL.22BP,0.034
Fibronectin,0.034
PAK3,0.034
DC.SIGNR,0.034
NET4,0.034
Trypsin.2,0.034
CDK1.cyclin.B,0.034
BST1,0.034
GPC5,0.032
LYVE1,0.032
QORL1,0.032
GA733.1.protein,0.032
HMGN1,0.032
Artemin,0.032
Nectin.like.protein.1,0.032
SET,0.032
TPSB2,0.03
ADAM12,0.03
contactin.1,0.03
Ephrin.A3,0.03
sTie.1,0.03
FGF.8B,0.03
ALT,0.03
TGF.b1,0.03
ADAM.9,0.03
Contactin.5,0.03
BMP10,0.03
NOTC2,0.028
PAK7,0.028
gp130..soluble,0.028
Glucagon,0.028
Fibrinogen.g.chain.dimer,0.028
Elafin,0.028
ULBP.1,0.028
CYTF,0.028
IDE,0.026
Eotaxin.3,0.026
Protein.disulfide.isomerase.A3,0.026
Discoidin.domain.receptor.2,0.026
CTGF,0.026
PH,0.026
LY9,0.026
HPV.E7.Type.16,0.026
NRP1,0.026
Cystatin.M,0.026
ERP29,0.024
IL.23.R,0.024
gpIIbIIIa,0.024
vWF,0.024
CTACK,0.024
PIGR,0.024
LDH.H.1,0.024
CD226,0.024
IFN.aA,0.024
COLEC12,0.024
bFGF,0.022
Lactoferrin,0.022
Troponin.I,0.022
Siglec.7,0.022
Thyroglobulin,0.022
DSCAM,0.022
INGR2,0.022
GPDA,0.022
CD38,0.022
S100A4,0.022
PUR8,0.022
STAT1,0.022
B7,0.022
C3a,0.02
TMA,0.02
TIMP.2,0.02
SREC.I,0.02
IL.27,0.02
CLC4K,0.02
a1.Antitrypsin,0.02
Siglec.9,0.02
C34.gp41.HIV.Fragment,0.02
dopa.decarboxylase,0.02
Lamin.B1,0.018
ILT.2,0.018
ATS15,0.018
Apo.E3,0.018
TCPTP,0.018
Mammaglobin.2,0.018
BMP.1,0.018
Met,0.018
C1.Esterase.Inhibitor,0.018
C5,0.018
FCN2,0.018
CD27,0.018
HCE003300,0.018
CK.MB,0.018
EPO.R,0.018
Histone.H2A.z,0.018
IL.6.sRa,0.018
PDE1A,0.018
IL.20,0.018
MBL,0.018
PLXC1,0.016
GITR,0.016
HNRPQ,0.016
Activin.AB,0.016
EGF,0.016
TARC,0.016
CD30.Ligand,0.016
Endothelin.converting.enzyme.1,0.016
TIMP.3,0.016
MK11,0.016
a2.Antiplasmin,0.016
ESAM,0.016
EDA,0.016
DKK1,0.016
Dkk.4,0.016
MUC1,0.016
Protein.S,0.016
Thrombopoietin.Receptor,0.016
Kallistatin,0.016
FST,0.016
LEG9,0.016
Coactosin.like.protein,0.016
KEAP1,0.016
Carbonic.Anhydrase.X,0.016
Ku70,0.016
IL.17B,0.016
Catalase,0.014
LAG.1,0.014
NID2,0.014
Factor.H,0.014
LIF.sR,0.014
Epo,0.014
NG36,0.014
ULBP.2,0.014
CYTD,0.014
PAFAH,0.014
Protein.C,0.014
HCE003183,0.014
MMP.3,0.014
FABPE,0.014
HMG.1,0.014
IL.17E,0.014
Eotaxin.2,0.014
C2,0.012
STK16,0.012
Annexin.V,0.012
CD63,0.012
WFKN1,0.012
YKL.40,0.012
IL.8,0.012
TNF.a,0.012
CRTAM,0.012
CDON,0.012
Coagulation.Factor.V,0.012
IDS,0.012
Aggrecan,0.012
C1QBP,0.012
FSTL1,0.012
C3adesArg,0.012
Osteopontin,0.012
Peroxiredoxin.5,0.012
CDK2.cyclin.A,0.012
eIF.5,0.012
ABL1,0.012
ALK.1,0.012
SPARCL1,0.012
sFRP.3,0.012
TrkA,0.012
Adiponectin,0.012
Cadherin.E,0.012
MBD4,0.012
CRP,0.012
RSPO4,0.012
cGMP.stimulated.PDE,0.012
HVEM,0.01
NADPH.P450.Oxidoreductase,0.01
Caspase.10,0.01
NUDC3,0.01
Coagulation.Factor.X,0.01
Corticotropin.lipotropin,0.01
IgE,0.01
ATPO,0.01
Ferritin,0.01
FGF.6,0.01
IL.20.Ra,0.01
DPP2,0.01
MASP3,0.01
LSAMP,0.01
FGF.8A,0.01
FGF.12,0.01
FGF.17,0.01
ECM1,0.01
IL.1.sRI,0.01
ICOS,0.01
FCG2B,0.01
GFRa.2,0.01
M.CSF.R,0.01
PSA2,0.01
SARP.2,0.01
Apo.E,0.01
Cripto,0.01
CKAP2,0.01
Myokinase..human,0.01
BFL1,0.008
FN1.3,0.008
CD59,0.008
MMP.10,0.008
CATF,0.008
MDHC,0.008
PPAC,0.008
SNP25,0.008
C5b..6.Complex,0.008
IL.3.Ra,0.008
RS3,0.008
HDAC8,0.008
TBP,0.008
PTHrP,0.008
X3HAO,0.008
FGFR4,0.008
FCG2A,0.008
FCAR,0.008
TSP4,0.008
IL24,0.008
Ck.b.8.1,0.008
Epithelial.cell.kinase,0.008
Calpastatin,0.008
PSA,0.008
PGP9.5,0.008
Desmoglein.1,0.008
transcription.factor.MLR1..isoform.CRA_b,0.008
CD97,0.008
IGFBP.4,0.008
X6Ckine,0.008
Secretin,0.008
PHI,0.008
Esterase.D,0.008
Eotaxin,0.008
a.Synuclein,0.008
P.Cadherin,0.008
RBM39,0.008
DSC3,0.008
Transferrin,0.008
ANGL3,0.008
C1r,0.008
EFNB1,0.008
IL.10.Ra,0.008
MMP.8,0.008
UBP25,0.008
PIAS4,0.008
ARSB,0.006
Laminin,0.006
Cadherin.2,0.006
FAM3D,0.006
RNase.H1,0.006
FGF.19,0.006
Glypican.3,0.006
C1QR1,0.006
calreticulin,0.006
Semaphorin.3A,0.006
Cathepsin.D,0.006
PAPP.A,0.006
URB,0.006
Thrombospondin.1,0.006
kallikrein.8,0.006
KI3S1,0.006
CCL28,0.006
RAD51,0.006
SCGF.alpha,0.006
Ficolin.3,0.006
IL.1.R.AcP,0.006
Cystatin.S,0.006
IL.4.sR,0.006
CTLA.4,0.006
ERAB,0.006
LIN7B,0.006
a2.Macroglobulin,0.006
ADAMTS.5,0.006
I.TAC,0.006
Heparin.cofactor.II,0.006
Chk2,0.006
Carbonic.anhydrase.VII,0.006
PK3CG,0.006
IL.13,0.006
Renin,0.006
BSP,0.006
Cathepsin.B,0.006
Afamin,0.006
LY86,0.006
GNS,0.006
SOD3,0.006
EPHAA,0.006
C5a,0.006
Fractalkine.CX3CL.1,0.006
kallikrein.5,0.006
SCGF.beta,0.006
Lymphotoxin.a2.b1,0.006
Cadherin.6,0.006
GREM1,0.006
RANTES,0.006
PKC.G,0.006
RASA1,0.006
p53,0.006
Ubiquitin,0.006
sE.Selectin,0.006
UB2G2,0.006
NKp44,0.006
Semaphorin.3E,0.006
ATP.synthase.beta.chain,0.006
D.dimer,0.006
IL.15.Ra,0.006
Arylsulfatase.A,0.006
MIP.5,0.006
EphA1,0.006
Clusterin,0.006
TGF.b.R.II,0.006
FTCD,0.004
NEUREGULIN.1,0.004
GOT1,0.004
sLRP1,0.004
c.Jun,0.004
HB.EGF,0.004
SECTM1,0.004
Coagulation.Factor.VII,0.004
PDE4D,0.004
BRF.1,0.004
IL.1.sRII,0.004
PLCG1,0.004
CAMK1D,0.004
IL.6,0.004
SORC2,0.004
NKG2D,0.004
Olfactomedin.4,0.004
HCC.1,0.004
CD36.ANTIGEN,0.004
SAA,0.004
IMDH2,0.004
CK2.A2.B,0.004
HIV.2.Rev,0.004
PTH,0.004
IFN10,0.004
ZNRF3,0.004
CLF.1.CLC.Complex,0.004
Apo.A.I,0.004
BCMA,0.004
IL.1a,0.004
IGFBP.2,0.004
TrkB,0.004
TrATPase,0.004
MMP.1,0.004
BGH3,0.004
tPA,0.004
Endocan,0.004
Angiostatin,0.004
Albumin,0.004
CD48,0.004
complement.factor.H.related.5,0.004
TXD12,0.004
JAK2,0.004
MYPC1,0.004
FN1.4,0.004
GCP.2,0.004
X14.3.3E,0.004
JAM.B,0.004
Adrenomedullin,0.004
LEAP.1,0.004
CREL1,0.004
Apo.B,0.004
COMMD7,0.004
HPG.,0.004
TRAIL.R4,0.004
NXPH1,0.004
TAFI,0.004
Cytochrome.c,0.004
Midkine,0.004
Tropomyosin.2,0.004
NCAM.120,0.004
ERBB4,0.004
IL.13.Ra1,0.004
a1.Antichymotrypsin,0.004
CNTF,0.004
PIANP,0.004
Gastrin.releasing.peptide,0.004
MIG,0.004
Carbonic.anhydrase.I,0.004
VEGF.sR3,0.004
SGTA,0.004
ERBB1,0.004
PSA1,0.004
CaMKK.alpha,0.004
FGF.4,0.004
Phosphoglycerate.mutase.1,0.002
ING1,0.002
MICA,0.002
Coagulation.Factor.IXab,0.002
Apo.E2,0.002
annexin.VI,0.002
HGF,0.002
iC3b,0.002
PF.4,0.002
IL.12,0.002
IFN.a.b.R1,0.002
CD70,0.002
IFN.g.R1,0.002
Noggin,0.002
kallikrein.12,0.002
MEPE,0.002
Nidogen,0.002
HSP.70,0.002
Dynactin.subunit.2,0.002
WISP.3,0.002
ZAP70,0.002
C3b,0.002
LCK,0.002
Periostin,0.002
Kininogen..HMW,0.002
GAS1,0.002
IL.17.RC,0.002
C7,0.002
KI3L2,0.002
NKp46,0.002
Nogo.Receptor,0.002
XPNPEP1,0.002
DnaJ.homolog,0.002
Fucosyltransferase.3,0.002
MED.1,0.002
RBP,0.002
RS3A,0.002
H2A3,0.002
H31,0.002
IFN.g,0.002
IL.1F8,0.002
UCRP,0.002
LRRT3,0.002
ST4S6,0.002
TGM3,0.002
PolyUbiquitin.K48,0.002
NET1,0.002
CATE,0.002
Chitotriosidase.1,0.002
CLC7A,0.002
CHST2,0.002
Cathepsin.V,0.002
IL.17.sR,0.002
IL.4,0.002
MPIF.1,0.002
ER,0.002
CLM6,0.002
EphB6,0.002
IL.7.Ra,0.002
Hat1,0.002
MOZ,0.002
MMP.17,0.002
NRX3B,0.002
SREC.II,0.002
Activin.RIB,0.002
RNF43,0.002
Angiopoietin.4,0.002
Peroxiredoxin.6,0.002
Galectin.4,0.002
FUT5,0.002
IL.34,0.002
KIRR3,0.002
TPSG1,0.002
PPIB,0.002
BAFF,0.002
Aminoacylase.1,0.002
CRDL1,0.002
Cytidylate.kinase,0.002
Ephrin.A5,0.002
IFN.b,0.002
PSME3,0.002
CK2.A1.B,0.002
IGFBP.1,0.002
IL.17F,0.002
LD78.beta,0.002
Cyclophilin.F,0.002
CYTT,0.002
DAPK2,0.002
DYRK3,0.002
IL22RA1,0.002
Macrophage.mannose.receptor,0.002
CAD15,0.002
RANK,0.002
CYTN,0.002
BMP.14,0.002
N.terminal.pro.BNP,0.002
FLRT2,0.002
ghrelin,0.002
Coagulation.Factor.IX,0.002
GFRa.3,0.002
LG3BP,0.002
Mn.SOD,0.002
CO8A1,0.002
IGFBP.7,0.002
TFPI,0.002
Haptoglobin..Mixed.Type,0.002
MFRP,0.002
UNC5H4,0.002
K.ras,0.002
CK.BB,0.002
FGF23,0.002
KPCT,0.002
PYY,0.002
STX1a,0.002
XEDAR,0.002
IL.2.sRa,0.002
Siglec.3,0.002
Coagulation.Factor.Xa,0.002
IL.19,0.002
IL.1b,0.002
resistin,0.002
C4b,0.002
Coagulation.Factor.XI,0.002
FCGR1,0.002
paraoxonase.1,0.002
PESC,0.002
ETHE1,0.002
DRR1,0.002
FGF.20,0.002
TYK2,0.002
ABL2,0.002
MMP.16,0.002
GHC2,0.002
CNTFR.alpha,0.002
EMAP.2,0.002
MCP.4,0.002
MATK,0.002
PDGF.CC,0.002
Ephrin.B3,0.002
C3d,0.002
GPVI,0.002
Lysozyme,0.002
SHBG,0.002
AGR2,0.002
X6.Phosphogluconate.dehydrogenase,0.002
Carbonic.anhydrase.9,0.002
SOST,0.002
IgA,0.002
LPPL,0.002
PDXK,0.002
HSP.27,0.002
Granzyme.B,0.002
PIM1,0.002
Apo.L1,0.002
ASAHL,0.002
FABPL,0.002
IRF1,0.002
Apoptosis.regulator.Bcl.W,0.0
PSP,0.0
RSPO3,0.0
S100A6,0.0
HIF.1a,0.0
BTC,0.0
GDF.11,0.0
CgA,0.0
Cathepsin.H,0.0
HGH,0.0
BMP.6,0.0
PACAP.38,0.0
PACAP.27,0.0
HXK1,0.0
HXK2,0.0
LDLR,0.0
SE6L2,0.0
SBDS,0.0
RSK.like.protein.kinase,0.0
RS7,0.0
PSA6,0.0
Peroxiredoxin.1,0.0
NACA,0.0
HSP.40,0.0
IL.17D,0.0
C6,0.0
BPI,0.0
UBE2N,0.0
Sorting.nexin.4,0.0
SKP1,0.0
PSD7,0.0
PLPP,0.0
PTK6,0.0
pTEN,0.0
PAK6,0.0
MK08,0.0
MAPK5,0.0
MAPK2,0.0
Tenascin,0.0
alpha.1.antichymotrypsin.complex,0.0
Prekallikrein,0.0
Plasmin,0.0
PDGF.BB,0.0
Neurotrophin.5,0.0
Lymphotactin,0.0
ARI3A,0.0
UB2L3,0.0
TCTP,0.0
EphA5,0.0
Carbonic.anhydrase.III,0.0
DRG.1,0.0
Cofilin.1,0.0
AK1A1,0.0
Aflatoxin.B1.aldehyde.reductase,0.0
X4EBP2,0.0
X14.3.3,0.0
Thrombin,0.0
TGF.b2,0.0
GAPDH..liver,0.0
DLRB1,0.0
Cyclophilin.A,0.0
AIP,0.0
UFM1,0.0
TLR2,0.0
TNR4,0.0
p27Kip1,0.0
PA2G4,0.0
NSF1C,0.0
NDP.kinase.B,0.0
NCAM.L1,0.0
M2.PK,0.0
LCMT1,0.0
IGF.I.sR,0.0
IF4G2,0.0
FER,0.0
EP15R,0.0
FYN,0.0
FGR,0.0
FGFR.3,0.0
FGFR.2,0.0
BMPER,0.0
TEC,0.0
Soggy.1,0.0
SLIK1,0.0
SLAF5,0.0
Triosephosphate.isomerase,0.0
Transketolase,0.0
Spondin.1,0.0
Sphingosine.kinase.1,0.0
SNAA,0.0
RAN,0.0
Protein.disulfide.isomerase,0.0
prostatic.binding.protein,0.0
COX.2,0.0
Activated.Protein.C,0.0
CSF.1,0.0
OCAD1,0.0
OBCAM,0.0
MRCKB,0.0
MMEL2,0.0
Marapsin,0.0
FGF.16,0.0
DHH,0.0
CLC1B,0.0
BOC,0.0
AMNLS,0.0
PTP.1C,0.0
XTP3A,0.0
kallikrein.14,0.0
IGF.II.receptor,0.0
Calcineurin.B.a,0.0
Cadherin.12,0.0
MDC,0.0
Lymphotoxin.a1.b2,0.0
hnRNP.A.B,0.0
FCRL3,0.0
ENTP5,0.0
ENTP3,0.0
ENPP7,0.0
CHST6,0.0
BCL2.like.1.protein,0.0
MSP,0.0
IFN.lambda.2,0.0
IFN.lambda.1,0.0
DKK3,0.0
Caspase.3,0.0
CAMK1,0.0
BASI,0.0
LYN,0.0
Kallikrein.6,0.0
C4,0.0
SPHK2,0.0
Sialoadhesin,0.0
PDPK1,0.0
PCSK7,0.0
MFGM,0.0
LRRT1,0.0
Integrin.a1b1,0.0
b.ECGF,0.0
DUS3,0.0
TRY3,0.0
Vasoactive.Intestinal.Peptide,0.0
TGF.b3,0.0
Proteinase.3,0.0
HIPK3,0.0
GSK.3.alpha.beta,0.0
Flt.3,0.0
EPHA3,0.0
CSK21,0.0
Chymase,0.0
Carbonic.anhydrase.XIII,0.0
CAMK2D,0.0
CBX5,0.0
PDGF.AA,0.0
IL.11,0.0
FGF7,0.0
RPS6KA3,0.0
PRKACA,0.0
PGCB,0.0
PDGF.Rb,0.0
RSPO2,0.0
BTK,0.0
BMX,0.0
Bcl.2,0.0
UFC1,0.0
STAB2,0.0
SHP.2,0.0
PLK.1,0.0
PKB.a.b.g,0.0
Livin.B,0.0
KYNU,0.0
HDGR2,0.0
FLRT1,0.0
EMR2,0.0
CTAP.III,0.0
CONA1,0.0
AURKB,0.0
PIK3CA.PIK3R1,0.0
PCI,0.0
LYNB,0.0
KPCI,0.0
IL.17.RD,0.0
Granzyme.H,0.0
FETUB,0.0
CSK,0.0
TFF3,0.0
IL.3,0.0
Apo.D,0.0
X17.beta.HSD.1,0.0
X41,0.0
TNF.b,0.0
GM.CSF,0.0
Nectin.like.protein.2,0.0
MATN2,0.0
LRP8,0.0
LRIG3,0.0
HTRA2,0.0
TRAIL.R1,0.0
STRATIFIN,0.0
ITI.heavy.chain.H4,0.0
CBG,0.0
FAM107B,0.0
ASM3A,0.0
CDK8.cyclin.C,0.0
Carbonic.anhydrase.6,0.0
CAMK2B,0.0
CAMK2A,0.0
BARK1,0.0
CD23,0.0
CD109,0.0
WFKN2,0.0
ACTH,0.0
WNT7A,0.0
BMP.RII,0.0
BMPR1A,0.0
G.CSF,0.0
FCG3B,0.0
DLL4,0.0
Contactin.4,0.0
CNTN2,0.0
CFC1,0.0
RGM.C,0.0
RGMB,0.0
PGRP.S,0.0
ATS1,0.0
amyloid.precursor.protein,0.0
Integrin.aVb5,0.0
IgD,0.0
Hemoglobin,0.0
HCC.4,0.0
Glutathione.S.transferase.Pi,0.0
GIB,0.0
Galectin.8,0.0
Endoglin,0.0
Caspase.2,0.0
Calcineurin,0.0
METAP1,0.0
MATN3,0.0
LKHA4,0.0
KREM2,0.0
sCD4,0.0
VEGF.C,0.0
SMAC,0.0
MK01,0.0
Aurora.kinase.A,0.0
ARTS1,0.0
ARP19,0.0
ARMEL,0.0
X40S.ribosomal.protein.SA,0.0
Stanniocalcin.1,0.0
MIP.3b,0.0
Glutamate.carboxypeptidase,0.0
Enterokinase,0.0
CRIS3,0.0
CD39,0.0
Carbonic.Anhydrase.IV,0.0
Galectin.2,0.0
IL.18.BPa,0.0
IL.2,0.0
IgM,0.0
GDF.9,0.0
FGF.5,0.0
C9,0.0
WISP.1,0.0
FAK1,0.0
DBNL,0.0
CRK,0.0
CATZ,0.0
carbonic.anhydrase.II,0.0
AMPM2,0.0
IDUA,0.0
TNF.sR.II,0.0
MK12,0.0
DC.SIGN,0.0
TSLP,0.0
TGF.b.R.III,0.0
PTP.1B,0.0
PD.L2,0.0
MMP.14,0.0
IF4A3,0.0
hnRNP.K,0.0
GSTA3,0.0
Flt3.ligand,0.0
Fas.ligand..soluble,0.0
ON,0.0
Myoglobin,0.0
MRC2,0.0
GFAP,0.0
IL.1Rrp2,0.0
IL.18.Rb,0.0
Histone.H1.2,0.0
Gro.b.g,0.0
Gro.a,0.0
ENA.78,0.0
EDAR,0.0
PPase,0.0
phosphoglycerate.kinase.1,0.0
PARK7,0.0
NCK1,0.0
NCC27,0.0
PBEF,0.0
Moesin,0.0
MAPK14,0.0
MK13,0.0
AREG,0.0
VCAM.1,0.0
Properdin,0.0
Luteinizing.hormone,0.0
IGF.I,0.0
GX,0.0
CD244,0.0
B7.H2,0.0
B7.H1,0.0
TSG.6,0.0
TS,0.0
Tropomyosin.1.alpha.chain,0.0
SIRT2,0.0
SEPR,0.0
sCD163,0.0
JAM.C,0.0
Topoisomerase.I,0.0
RAC1,0.0
PKC.D,0.0
MEK1,0.0
Karyopherin.a2,0.0
IL.17B.R,0.0
EPHB2,0.0
DcR3,0.0
DAF,0.0
CD83,0.0
Factor.D,0.0
Cytochrome.P450.3A4,0.0
Apo.E4,0.0
PCNA,0.0
CD22,0.0
BMP.7,0.0
ERK.1,0.0
CHK1,0.0
AIF1,0.0
WIF.1,0.0
Ubiquitin.1,0.0
Lipocalin.2,0.0
MICB,0.0
LIMP.II,0.0
KLRF1,0.0
KI2L4,0.0
JAML1,0.0
JAG2,0.0
ILT.4,0.0
Cardiotrophin.1,0.0
YES,0.0
UBC9,0.0
HAI.1,0.0
BCAM,0.0
ART,0.0
Angiopoietin.1,0.0
ADAMTS.4,0.0
ACE2,0.0
SLAF6,0.0
SIG14,0.0
sICAM.5,0.0
Semaphorin.6A,0.0
SEM6B,0.0
ROBO3,0.0
Prolactin.Receptor,0.0
NRX1B,0.0
Nr.CAM,0.0
Notch.3,0.0
MCP.2,0.0
IL.22,0.0
IL.16,0.0
IL.10,0.0
I.309,0.0
GCKR,0.0
PPID,0.0
PDE9A,0.0
NMT1,0.0
AMPK.a1b1g1,0.0
PDE7A,0.0
UNC5H3,0.0
TIMD3,0.0
TAJ,0.0
Kallikrein.4,0.0
Kallikrein.11,0.0
Azurocidin,0.0
ULBP.3,0.0
TSLP.R,0.0
DRAK2,0.0
AMPK.a2b2g1,0.0
JNK2,0.0
PPIE,0.0
NR1D1,0.0
HMGR,0.0
IMDH1,0.0
KIF23,0.0
PDK1,0.0
Fibrinogen,0.0
SOD,0.0
NAP.2,0.0
MMP.7,0.0
NovH,0.0
NANOG,0.0
IL.1F7,0.0
TNFSF18,0.0
VAV,0.0
SHC1,0.0
RAC3,0.0
GRB2.related.adapter.protein.2,0.0
BCAR3,0.0
TAK1.TAB1,0.0
PDE5A,0.0
PDE3A,0.0
Hemopexin,0.0
GDF.11.8,0.0
FGF9,0.0
FGF.18,0.0
TACI,0.0
Persephin,0.0
PECAM.1,0.0
OSM,0.0
NPS.PLA2,0.0
MIA,0.0
HSP.60,0.0
DLL1,0.0
Cyclin.B1,0.0
CPNE1,0.0
CBPE,0.0
B7.2,0.0
EGFRvIII,0.0
Elastase,0.0
IgG,0.0
Sonic.Hedgehog,0.0
Rab.GDP.dissociation.inhibitor.beta,0.0
PKC.Z,0.0
PKC.A,0.0
PAFAH.beta.subunit,0.0
MSP.R,0.0
sLeptin.R,0.0
Fas..soluble,0.0
BAFF.Receptor,0.0
PKB.beta,0.0
OMD,0.0
NLGNX,0.0
MIF,0.0
LIGHT,0.0
Keratin.18,0.0
hnRNP.A2.B1,0.0
TECK,0.0
HSP.90a.b,0.0
HPV.E7.Type18,0.0
HO.2,0.0
ERBB3,0.0
ERBB2,0.0
DEAD.box.protein.19B,0.0
CNDP1,0.0
ANP,0.0
DR6,0.0
CK.MM,0.0
Calpain.I,0.0
Bone.proteoglycan.II,0.0
TrkC,0.0
TNF.sR.I,0.0
suPAR,0.0
sICAM.3,0.0
CD30,0.0
X4.1BB.ligand,0.0
X4.1BB,0.0
VEGF,0.0
Myeloperoxidase,0.0
MCP.1,0.0
RGMA,0.0
PKC.B.II,0.0
HSP.90b,0.0
H6ST1,0.0
GRB2.adapter.protein,0.0
Lymphotoxin.b.R,0.0
Layilin,0.0
IL.2.sRg,0.0
IL.12.Rb1,0.0
IL.10.Rb,0.0
C8,0.0
BDNF,0.0
b.NGF,0.0
TRAIL.R2,0.0
bFGF.R,0.0
RUXF,0.0
WNK3,0.0
Testican.2,0.0
Testican.1,0.0
Stress.induced.phosphoprotein.1,0.0
SRCN1,0.0
IGFBP.3,0.0
Factor.I,0.0
b.Endorphin,0.0
OPG,0.0
MIP.3a,0.0
EG.VEGF,0.0
TIMP.1,0.0
HCE003167,0.0
HCE001796,0.0
Myostatin,0.0
BAD,0.0
ARGI1,0.0
aldolase.A,0.0
X14.3.3.protein.zeta.delta,0.0
tau,0.0
IL.9,0.0
GDNF,0.0
GV,0.0
GIIE,0.0
CXCL16..soluble,0.0
Cathepsin.G,0.0
LTBP4,0.0
SEM5A,0.0
Tpo,0.0
TWEAK,0.0
S100A7,0.0
PSME1,0.0
PEX5,0.0
Nucleoside.diphosphate.kinase.A,0.0
HSP70.protein.8,0.0
HINT1,0.0
eIF.5A.1,0.0
eIF.4H,0.0
EF.1.beta,0.0
X14.3.3.protein.beta.alpha,0.0
NRG4,0.0
RXFP1,0.0
FLRT3,0.0
protein.Z.inhibitor,0.0
CHKB,0.0
CD177,0.0
Lumican,0.0
BCL6,0.0
Tropomyosin.4,0.0
Lectin..mannose.binding.2,0.0
X14.3.3.protein.theta,0.0
CD47,0.0
MP2K3,0.0
HHLA2,0.0
EFNB2,0.0
IFNA7,0.0
Ephrin.A2,0.0
GI24,0.0
CHIP,0.0
CEBPB,0.0
FAM3B,0.0
PGM1,0.0
CSRP3,0.0
IL.17,0.0
SUMO3,0.0
Leptin,0.0
FBLN3,0.0
Alpha.enolase,0.0
REG4,0.0
TLR4,0.0
IL.5,0.0
Osteocalcin,0.0
LYPD3,0.0
CSH,0.0
NAGK,0.0
Mesothelin,0.0
IMB1,0.0
CDC37,0.0
NSE,0.0
PEDF,0.0
Transgelin.2,0.0
LRRK2,0.0
STAT6,0.0
IL.23,0.0
SMAD2,0.0
SMAD3,0.0
c.Myc,0.0
OAS1,0.0
Mcl.1,0.0
STAT3,0.0
